{
  "Dummy": {
    "model": "Dummy",
    "accuracy": 0.5754166666666667,
    "f1": 0.34045307443365697,
    "roc_auc": 0.5136705855466965,
    "predict_time": 0.0032918453216552734
  },
  "LogisticRegression": {
    "model": "LogisticRegression",
    "accuracy": 0.8270833333333333,
    "f1": 0.7071277346506705,
    "roc_auc": 0.8752285308008735,
    "predict_time": 0.009640932083129883
  },
  "DecisionTree": {
    "model": "DecisionTree",
    "accuracy": 0.8658333333333333,
    "f1": 0.7821380243572396,
    "roc_auc": 0.9113201303895181,
    "predict_time": 0.004587888717651367
  },
  "RandomForest": {
    "model": "RandomForest",
    "accuracy": 0.9275,
    "f1": 0.8825910931174089,
    "roc_auc": 0.9686865192219797,
    "predict_time": 0.07936215400695801
  },
  "GradientBoosting": {
    "model": "GradientBoosting",
    "accuracy": 0.9341666666666667,
    "f1": 0.895364238410596,
    "roc_auc": 0.9700942054745824,
    "predict_time": 0.02424788475036621
  },
  "Stacking": {
    "model": "Stacking",
    "accuracy": 0.93625,
    "f1": 0.899672131147541,
    "roc_auc": 0.9715090333147124,
    "predict_time": 0.08988118171691895
  }
}