{
  "dataset_1": {
    "kmeans": {
      "best_k": 2,
      "silhouette": 0.5216395622404242,
      "davies_bouldin": 0.6853295219054457,
      "calinski_harabasz": 11786.954622671532,
      "labels_count": 2
    },
    "dbscan": {
      "best_eps": 1.5,
      "silhouette": 0.3967888223601393,
      "davies_bouldin": 0.9644102343879996,
      "calinski_harabasz": 10446.597694416178,
      "noise_ratio": 0.0,
      "n_clusters": 3,
      "labels_count": 3
    },
    "best_algorithm": {
      "name": "KMeans",
      "params": {
        "k": 2
      },
      "silhouette": 0.5216395622404242
    }
  },
  "dataset_2": {
    "kmeans": {
      "best_k": 2,
      "silhouette": 0.3068610017701601,
      "davies_bouldin": 1.3234721699867644,
      "calinski_harabasz": 3573.3933329348392,
      "labels_count": 2
    },
    "dbscan": {
      "best_eps": 0.3,
      "silhouette": 0.08522505460147263,
      "davies_bouldin": 0.5896990784253007,
      "calinski_harabasz": 21.95165666653018,
      "noise_ratio": 0.072375,
      "n_clusters": 5,
      "labels_count": 6
    },
    "best_algorithm": {
      "name": "KMeans",
      "params": {
        "k": 2
      },
      "silhouette": 0.3068610017701601
    }
  },
  "dataset_3": {
    "kmeans": {
      "best_k": 3,
      "silhouette": 0.3155447003782518,
      "davies_bouldin": 1.1577256320598661,
      "calinski_harabasz": 6957.162639510167,
      "labels_count": 3
    },
    "dbscan": {
      "best_eps": 0.1,
      "silhouette": 0.2624466026604559,
      "davies_bouldin": 0.7995737971215566,
      "calinski_harabasz": 1414.3179399002906,
      "noise_ratio": 0.9122666666666667,
      "n_clusters": 110,
      "labels_count": 111
    },
    "best_algorithm": {
      "name": "KMeans",
      "params": {
        "k": 3
      },
      "silhouette": 0.3155447003782518
    }
  }
}