experiment_id,dataset,seed,model_summary,optimizer,lr,momentum,weight_decay,epochs_trained,best_val_accuracy,best_val_loss
E1,CIFAR10,42,"2x256,128, ReLU, no DO, no BN",Adam,0.001,,0.0,30,0.5276671974522293,1.4008507011043039
E2,CIFAR10,42,"2x256,128, ReLU, DO=0.3, no BN",Adam,0.001,,0.0,30,0.5326433121019108,1.3364581564429459
E3,CIFAR10,42,"2x256,128, ReLU, no DO, BN",Adam,0.001,,0.0,30,0.5482683121019108,1.3028124016561327
E4,CIFAR10,42,"2x256,128, ReLU, DO=0.3, no BN + ES",Adam,0.001,,0.0,21,0.5320461783439491,1.3436434375252693
O1,CIFAR10,42,"2x256,128, ReLU, DO=0.3, no BN",Adam,0.1,,0.0,8,0.10360270700636942,2.306505705900253
O2,CIFAR10,42,"2x256,128, ReLU, DO=0.3, no BN",Adam,1e-05,,0.0,8,0.4140127388535032,1.6945264324261125
O3,CIFAR10,42,"2x256,128, ReLU, DO=0.3, no BN",SGD,0.01,0.9,0.0001,15,0.5446855095541401,1.3116745242647305
